,A,B,C,D,DEPT,A_PERC
01,73,88,63,85,CS,0.23624595469255663
02,62,67,97,70,BIA,0.20945945945945946
10,69,70,65,93,IS,0.23232323232323232
50,93,81,96,90,BIA,0.25833333333333336
30,89,99,68,74,BIA,0.2696969696969697
