,A,B,C,D,DEPT,A_PERC
01,74,77,81,85,CS,0.2334384858044164
02,91,77,68,95,BIA,0.27492447129909364
10,91,85,61,68,IS,0.2983606557377049
50,82,61,69,60,BIA,0.3014705882352941
30,93,95,88,68,BIA,0.2703488372093023
